<!--  
这个为菜单列表，注意编辑的格式!例如：
<phone id="手机概览,overview">手机外观</phone>
1、手机概览：一级标题名称
2、overview：这个为assets下的各个模块文件夹的名称，记住这个值一定要与文件夹的名称对应，不然链接会出错
3、手机外观：二级标题名称
4、手机概览与overview之间的逗号为英文状态下的，请注意
5、各个模块文件夹的html文件一定要按照顺序来命名，即XXX_1到XXX_n来命名，中间不能有断续
-->
<phones>
<phone id="Pregled i brzi početak,overview">Uvod u spoljašnjost telefona</phone>
<phone id="Pregled i brzi početak,overview">Instalacija i priprema</phone>
<phone id="Pregled i brzi početak,overview">Ikone na statusnoj traci i obaveštenja</phone>
<phone id="Pregled i brzi početak,overview">Informacije o početnom ekranu</phone>

<phone id="Aplikacije početnog ekrana,desktop">iManager</phone>
<phone id="Aplikacije početnog ekrana,desktop">Kamera</phone>
<phone id="Aplikacije početnog ekrana,desktop">Albumi</phone>
<phone id="Aplikacije početnog ekrana,desktop">Kalkulator</phone>
<phone id="Aplikacije početnog ekrana,desktop">Snimač</phone>
<phone id="Aplikacije početnog ekrana,desktop">Sat</phone>
<phone id="Aplikacije početnog ekrana,desktop">Kompas</phone>
<phone id="Aplikacije početnog ekrana,desktop">vivo.com</phone>
<phone id="Aplikacije početnog ekrana,desktop">Google aplikacije</phone>
<phone id="Aplikacije početnog ekrana,desktop">Muzika</phone>
<phone id="Aplikacije početnog ekrana,desktop">Vreme</phone>
<phone id="Aplikacije početnog ekrana,desktop">EasyShare</phone>
<phone id="Aplikacije početnog ekrana,desktop">Beleške</phone>

<phone id="Podešavanja,settings">Mreža i internet</phone>
<phone id="Podešavanja,settings">Bluetooth i uređaji</phone>
<phone id="Podešavanja,settings">Prikaz i osvetljenje</phone>
<phone id="Podešavanja,settings">Zaključani ekran i pozadina</phone>
<phone id="Podešavanja,settings">Dinamički efekti</phone>
<phone id="Podešavanja,settings">Zvuk</phone>
<phone id="Podešavanja,settings">Aplikacija</phone>
<phone id="Podešavanja,settings">Baterija</phone>
<phone id="Podešavanja,settings">RAM i memorijski prostor</phone>
<phone id="Podešavanja,settings">Bezbednost</phone>
<phone id="Podešavanja,settings">Privatnost</phone>
<phone id="Podešavanja,settings">Lokacija</phone>
<phone id="Podešavanja,settings">Obaveštenje</phone>
<phone id="Podešavanja,settings">Prečice i pristupačnost</phone>
<phone id="Podešavanja,settings">Digitalno blagostanje i roditeljski nadzor</phone>
<phone id="Podešavanja,settings">Google</phone>
<phone id="Podešavanja,settings">Nalozi</phone>
<phone id="Podešavanja,settings">Sistem</phone>
<phone id="Podešavanja,settings">O telefonu</phone>
<phone id="Podešavanja,settings" skip="usbdebug">Opcije za programere</phone>
<phone id="Podešavanja,settings">Ažuriranje sistema</phone>
<phone id="Podešavanja,settings" skip="appclone" check="appclone">Kloniranje aplikacije</phone>

<phone id="Održavanje i servisiranje,maintain">Informacije o održavanju</phone>
<phone id="Održavanje i servisiranje,maintain">Telefon i dodaci</phone>
<phone id="Održavanje i servisiranje,maintain">Pomoć</phone>
<phone id="Održavanje i servisiranje,maintain">Podržani formati datoteka</phone>
<phone id="Održavanje i servisiranje,maintain" skip="usbhelp">Uputstva za povezivanje na USB</phone>
</phones>